SKU_ID,Warehouse_ID,Avg_Demand,Demand_STD,Avg_Lead_Time,Current_Inventory,Current_Reorder_Point,Avg_Order_Qty,Lead_Time_Demand,Safety_Stock,Recommended_Reorder_Point,Recommended_Order_Qty,Inventory_Gap,Inventory_Cover_Days,Inventory_Status,Recommendation
SKU_1,WH_1,20.47,8.93,14.0,624,379,20.53,286.6,55.11,341.71,143.0,282.29,30.48,Healthy,Inventory level is healthy. Continue normal replenishment monitoring.
SKU_1,WH_2,20.0,8.91,8.0,363,322,18.63,159.98,41.58,201.55,140.0,161.45,18.15,Healthy,Inventory level is healthy. Continue normal replenishment monitoring.
SKU_1,WH_3,20.17,9.12,6.0,435,314,19.93,121.0,36.84,157.85,141.0,277.15,21.57,Healthy,Inventory level is healthy. Continue normal replenishment monitoring.
SKU_1,WH_4,20.41,8.8,9.0,441,333,20.15,183.67,43.56,227.23,143.0,213.77,21.61,Healthy,Inventory level is healthy. Continue normal replenishment monitoring.
SKU_1,WH_5,20.4,9.01,4.0,570,366,20.15,81.59,29.74,111.33,143.0,458.67,27.94,Healthy,Inventory level is healthy. Continue normal replenishment monitoring.
SKU_10,WH_1,20.02,9.16,13.0,503,361,19.04,260.25,54.47,314.72,140.0,188.28,25.13,Healthy,Inventory level is healthy. Continue normal replenishment monitoring.
SKU_10,WH_2,19.78,9.01,10.0,443,310,19.53,197.81,46.99,244.8,138.0,198.2,22.4,Healthy,Inventory level is healthy. Continue normal replenishment monitoring.
SKU_10,WH_3,19.94,9.2,5.0,572,218,19.34,99.71,33.95,133.67,140.0,438.33,28.68,Healthy,Inventory level is healthy. Continue normal replenishment monitoring.
SKU_10,WH_4,20.21,9.15,14.0,414,328,19.12,282.92,56.5,339.42,141.0,74.58,20.49,Monitor,Inventory is adequate but should be monitored against demand and lead time.
SKU_10,WH_5,20.27,8.85,9.0,352,246,19.79,182.39,43.8,226.19,142.0,125.81,17.37,Healthy,Inventory level is healthy. Continue normal replenishment monitoring.
SKU_11,WH_1,19.96,9.11,4.0,758,286,19.46,79.82,30.05,109.87,140.0,648.13,37.98,Healthy,Inventory level is healthy. Continue normal replenishment monitoring.
SKU_11,WH_2,19.97,8.85,4.0,291,230,18.08,79.87,29.2,109.07,140.0,181.93,14.57,Healthy,Inventory level is healthy. Continue normal replenishment monitoring.
SKU_11,WH_3,19.96,9.1,13.0,370,342,18.69,259.54,54.12,313.66,140.0,56.34,18.53,Monitor,Inventory is adequate but should be monitored against demand and lead time.
SKU_11,WH_4,19.93,8.93,2.0,585,382,18.88,39.86,20.83,60.7,140.0,524.3,29.35,Healthy,Inventory level is healthy. Continue normal replenishment monitoring.
SKU_11,WH_5,19.79,8.85,3.0,673,349,18.93,59.38,25.29,84.66,139.0,588.34,34.0,Healthy,Inventory level is healthy. Continue normal replenishment monitoring.
SKU_12,WH_1,20.29,9.26,5.0,304,299,18.44,101.45,34.18,135.64,142.0,168.36,14.98,Healthy,Inventory level is healthy. Continue normal replenishment monitoring.
SKU_12,WH_2,20.14,9.2,6.0,609,370,19.89,120.84,37.19,158.03,141.0,450.97,30.24,Healthy,Inventory level is healthy. Continue normal replenishment monitoring.
SKU_12,WH_3,20.09,9.17,6.0,263,234,18.67,120.56,37.06,157.61,141.0,105.39,13.09,Healthy,Inventory level is healthy. Continue normal replenishment monitoring.
SKU_12,WH_4,20.39,8.98,12.0,537,227,19.48,244.73,51.31,296.04,143.0,240.96,26.33,Healthy,Inventory level is healthy. Continue normal replenishment monitoring.
SKU_12,WH_5,19.89,9.27,6.0,371,349,18.81,119.33,37.48,156.8,139.0,214.2,18.65,Healthy,Inventory level is healthy. Continue normal replenishment monitoring.
SKU_13,WH_1,20.45,8.96,9.0,442,246,19.22,184.04,44.33,228.37,143.0,213.63,21.61,Healthy,Inventory level is healthy. Continue normal replenishment monitoring.
SKU_13,WH_2,20.52,9.7,11.0,559,350,20.65,225.7,53.1,278.8,144.0,280.2,27.24,Healthy,Inventory level is healthy. Continue normal replenishment monitoring.
SKU_13,WH_3,19.84,9.33,14.0,511,382,19.72,277.74,57.6,335.34,139.0,175.66,25.76,Healthy,Inventory level is healthy. Continue normal replenishment monitoring.
SKU_13,WH_4,20.25,9.32,10.0,352,251,18.68,202.49,48.61,251.11,142.0,100.89,17.38,Monitor,Inventory is adequate but should be monitored against demand and lead time.
SKU_13,WH_5,20.08,8.82,7.0,576,305,19.38,140.58,38.52,179.09,141.0,396.91,28.68,Healthy,Inventory level is healthy. Continue normal replenishment monitoring.
SKU_14,WH_1,19.66,8.73,11.0,457,265,19.46,216.29,47.79,264.08,138.0,192.92,23.24,Healthy,Inventory level is healthy. Continue normal replenishment monitoring.
SKU_14,WH_2,20.31,9.39,14.0,506,268,19.31,284.33,57.99,342.33,142.0,163.67,24.91,Monitor,Inventory is adequate but should be monitored against demand and lead time.
SKU_14,WH_3,20.24,9.34,3.0,457,283,19.57,60.72,26.7,87.42,142.0,369.58,22.58,Healthy,Inventory level is healthy. Continue normal replenishment monitoring.
SKU_14,WH_4,19.68,8.94,10.0,514,343,19.66,196.85,46.62,243.47,138.0,270.53,26.11,Healthy,Inventory level is healthy. Continue normal replenishment monitoring.
SKU_14,WH_5,20.34,9.39,6.0,558,259,19.14,122.02,37.93,159.95,142.0,398.05,27.44,Healthy,Inventory level is healthy. Continue normal replenishment monitoring.
SKU_15,WH_1,19.9,9.43,13.0,340,327,18.59,258.72,56.12,314.84,139.0,25.16,17.08,Monitor,Inventory is adequate but should be monitored against demand and lead time.
SKU_15,WH_2,19.76,8.97,8.0,491,386,18.53,158.07,41.87,199.94,138.0,291.06,24.85,Healthy,Inventory level is healthy. Continue normal replenishment monitoring.
SKU_15,WH_3,19.53,8.94,7.0,294,265,18.11,136.74,39.05,175.79,137.0,118.21,15.05,Healthy,Inventory level is healthy. Continue normal replenishment monitoring.
SKU_15,WH_4,20.43,8.89,5.0,363,224,19.5,102.16,32.81,134.97,143.0,228.03,17.77,Healthy,Inventory level is healthy. Continue normal replenishment monitoring.
SKU_15,WH_5,20.09,9.01,14.0,470,279,19.6,281.27,55.61,336.88,141.0,133.12,23.39,Monitor,Inventory is adequate but should be monitored against demand and lead time.
SKU_16,WH_1,20.13,8.92,14.0,466,328,18.93,281.8,55.04,336.85,141.0,129.15,23.15,Monitor,Inventory is adequate but should be monitored against demand and lead time.
SKU_16,WH_2,19.79,9.51,11.0,709,327,20.3,217.65,52.02,269.67,139.0,439.33,35.83,Healthy,Inventory level is healthy. Continue normal replenishment monitoring.
SKU_16,WH_3,20.2,9.62,6.0,406,336,19.72,121.22,38.87,160.08,141.0,245.92,20.1,Healthy,Inventory level is healthy. Continue normal replenishment monitoring.
SKU_16,WH_4,19.93,8.89,4.0,610,367,19.43,79.74,29.32,109.06,140.0,500.94,30.6,Healthy,Inventory level is healthy. Continue normal replenishment monitoring.
SKU_16,WH_5,19.94,8.78,2.0,433,394,19.75,39.87,20.48,60.36,140.0,372.64,21.72,Healthy,Inventory level is healthy. Continue normal replenishment monitoring.
SKU_17,WH_1,19.69,8.95,10.0,500,268,18.42,196.93,46.72,243.65,138.0,256.35,25.39,Healthy,Inventory level is healthy. Continue normal replenishment monitoring.
SKU_17,WH_2,19.86,8.95,13.0,505,372,19.68,258.15,53.26,311.41,139.0,193.59,25.43,Healthy,Inventory level is healthy. Continue normal replenishment monitoring.
SKU_17,WH_3,20.17,8.87,3.0,574,339,19.75,60.5,25.34,85.84,141.0,488.16,28.46,Healthy,Inventory level is healthy. Continue normal replenishment monitoring.
SKU_17,WH_4,19.92,9.42,5.0,362,341,19.46,99.6,34.77,134.37,139.0,227.63,18.17,Healthy,Inventory level is healthy. Continue normal replenishment monitoring.
SKU_17,WH_5,20.22,8.97,8.0,334,321,19.61,161.78,41.87,203.65,142.0,130.35,16.52,Healthy,Inventory level is healthy. Continue normal replenishment monitoring.
SKU_18,WH_1,20.29,9.38,2.0,407,346,19.84,40.58,21.89,62.47,142.0,344.53,20.06,Healthy,Inventory level is healthy. Continue normal replenishment monitoring.
SKU_18,WH_2,20.28,9.49,10.0,272,270,18.53,202.85,49.52,252.36,142.0,19.64,13.41,Monitor,Inventory is adequate but should be monitored against demand and lead time.
SKU_18,WH_3,20.1,9.34,9.0,442,213,18.94,180.89,46.24,227.13,141.0,214.87,21.99,Healthy,Inventory level is healthy. Continue normal replenishment monitoring.
SKU_18,WH_4,20.7,9.16,6.0,339,250,19.98,124.21,37.04,161.25,145.0,177.75,16.38,Healthy,Inventory level is healthy. Continue normal replenishment monitoring.
SKU_18,WH_5,20.64,9.18,13.0,766,394,21.25,268.3,54.63,322.93,144.0,443.07,37.12,Healthy,Inventory level is healthy. Continue normal replenishment monitoring.
SKU_19,WH_1,20.14,8.65,8.0,346,287,19.65,161.1,40.38,201.48,141.0,144.52,17.18,Healthy,Inventory level is healthy. Continue normal replenishment monitoring.
SKU_19,WH_2,19.91,8.82,8.0,470,316,19.49,159.3,41.17,200.47,139.0,269.53,23.6,Healthy,Inventory level is healthy. Continue normal replenishment monitoring.
SKU_19,WH_3,19.93,8.98,4.0,278,295,18.44,79.73,29.63,109.35,140.0,168.65,13.95,Healthy,Inventory level is healthy. Continue normal replenishment monitoring.
SKU_19,WH_4,19.47,8.96,4.0,343,352,18.63,77.88,29.56,107.45,136.0,235.55,17.62,Healthy,Inventory level is healthy. Continue normal replenishment monitoring.
SKU_19,WH_5,19.88,9.11,7.0,604,281,19.73,139.14,39.79,178.92,139.0,425.08,30.39,Healthy,Inventory level is healthy. Continue normal replenishment monitoring.
SKU_2,WH_1,20.03,9.26,13.0,271,228,18.06,260.36,55.09,315.44,140.0,-44.44,13.53,Reorder,Inventory is below the recommended reorder point. Plan replenishment.
SKU_2,WH_2,19.87,9.5,8.0,497,377,18.63,158.93,44.32,203.24,139.0,293.76,25.02,Healthy,Inventory level is healthy. Continue normal replenishment monitoring.
SKU_2,WH_3,19.95,8.89,10.0,299,319,18.28,199.51,46.38,245.89,140.0,53.11,14.99,Monitor,Inventory is adequate but should be monitored against demand and lead time.
SKU_2,WH_4,20.1,8.66,6.0,389,290,19.61,120.58,35.02,155.59,141.0,233.41,19.36,Healthy,Inventory level is healthy. Continue normal replenishment monitoring.
SKU_2,WH_5,20.03,9.24,14.0,490,267,19.02,280.46,57.07,337.53,140.0,152.47,24.46,Monitor,Inventory is adequate but should be monitored against demand and lead time.
SKU_20,WH_1,20.57,8.84,9.0,452,295,20.32,185.13,43.78,228.91,144.0,223.09,21.97,Healthy,Inventory level is healthy. Continue normal replenishment monitoring.
SKU_20,WH_2,20.28,9.39,9.0,544,336,19.85,182.49,46.5,228.99,142.0,315.01,26.83,Healthy,Inventory level is healthy. Continue normal replenishment monitoring.
SKU_20,WH_3,19.93,9.24,3.0,433,319,18.76,59.79,26.42,86.2,140.0,346.8,21.73,Healthy,Inventory level is healthy. Continue normal replenishment monitoring.
SKU_20,WH_4,20.04,9.4,2.0,344,327,18.35,40.07,21.95,62.02,140.0,281.98,17.17,Healthy,Inventory level is healthy. Continue normal replenishment monitoring.
SKU_20,WH_5,19.83,8.77,2.0,447,246,18.76,39.67,20.46,60.13,139.0,386.87,22.54,Healthy,Inventory level is healthy. Continue normal replenishment monitoring.
SKU_21,WH_1,19.67,9.17,11.0,339,245,18.52,216.41,50.16,266.58,138.0,72.42,17.23,Monitor,Inventory is adequate but should be monitored against demand and lead time.
SKU_21,WH_2,19.51,9.21,7.0,372,349,18.78,136.59,40.19,176.78,137.0,195.22,19.06,Healthy,Inventory level is healthy. Continue normal replenishment monitoring.
SKU_21,WH_3,20.21,9.56,10.0,278,283,18.24,202.11,49.87,251.98,141.0,26.02,13.75,Monitor,Inventory is adequate but should be monitored against demand and lead time.
SKU_21,WH_4,20.15,8.86,8.0,478,379,19.7,161.21,41.37,202.58,141.0,275.42,23.72,Healthy,Inventory level is healthy. Continue normal replenishment monitoring.
SKU_21,WH_5,20.19,9.35,8.0,322,309,18.96,161.56,43.62,205.17,141.0,116.83,15.94,Healthy,Inventory level is healthy. Continue normal replenishment monitoring.
SKU_22,WH_1,19.91,9.0,4.0,476,282,18.58,79.64,29.71,109.35,139.0,366.65,23.91,Healthy,Inventory level is healthy. Continue normal replenishment monitoring.
SKU_22,WH_2,20.1,9.16,7.0,536,261,19.54,140.73,40.0,180.73,141.0,355.27,26.66,Healthy,Inventory level is healthy. Continue normal replenishment monitoring.
SKU_22,WH_3,20.56,9.27,4.0,430,211,19.76,82.26,30.6,112.86,144.0,317.14,20.91,Healthy,Inventory level is healthy. Continue normal replenishment monitoring.
SKU_22,WH_4,19.88,9.55,11.0,611,374,19.73,218.64,52.27,270.91,139.0,340.09,30.74,Healthy,Inventory level is healthy. Continue normal replenishment monitoring.
SKU_22,WH_5,19.95,9.04,4.0,594,326,20.14,79.78,29.84,109.62,140.0,484.38,29.78,Healthy,Inventory level is healthy. Continue normal replenishment monitoring.
SKU_23,WH_1,19.87,8.73,8.0,271,239,18.81,158.93,40.73,199.66,139.0,71.34,13.64,Monitor,Inventory is adequate but should be monitored against demand and lead time.
SKU_23,WH_2,19.89,8.35,12.0,413,312,19.06,238.72,47.7,286.42,139.0,126.58,20.76,Monitor,Inventory is adequate but should be monitored against demand and lead time.
SKU_23,WH_3,20.55,9.53,5.0,376,293,19.42,102.75,35.15,137.91,144.0,238.09,18.3,Healthy,Inventory level is healthy. Continue normal replenishment monitoring.
SKU_23,WH_4,19.8,9.12,14.0,396,236,18.39,277.16,56.3,333.46,139.0,62.54,20.0,Monitor,Inventory is adequate but should be monitored against demand and lead time.
SKU_23,WH_5,20.44,8.62,3.0,602,383,19.97,61.31,24.62,85.93,143.0,516.07,29.46,Healthy,Inventory level is healthy. Continue normal replenishment monitoring.
SKU_24,WH_1,20.21,9.2,2.0,300,288,19.41,40.42,21.46,61.88,141.0,238.12,14.84,Healthy,Inventory level is healthy. Continue normal replenishment monitoring.
SKU_24,WH_2,20.02,8.76,5.0,377,365,18.78,100.1,32.33,132.42,140.0,244.58,18.83,Healthy,Inventory level is healthy. Continue normal replenishment monitoring.
SKU_24,WH_3,19.61,8.61,10.0,425,209,18.53,196.14,44.91,241.05,137.0,183.95,21.67,Healthy,Inventory level is healthy. Continue normal replenishment monitoring.
SKU_24,WH_4,19.82,8.78,13.0,321,301,19.17,257.72,52.22,309.94,139.0,11.06,16.19,Monitor,Inventory is adequate but should be monitored against demand and lead time.
SKU_24,WH_5,20.01,9.11,7.0,523,313,19.21,140.04,39.76,179.8,140.0,343.2,26.14,Healthy,Inventory level is healthy. Continue normal replenishment monitoring.
SKU_25,WH_1,20.09,8.78,5.0,595,314,19.98,100.45,32.4,132.86,141.0,462.14,29.62,Healthy,Inventory level is healthy. Continue normal replenishment monitoring.
SKU_25,WH_2,19.62,8.83,3.0,801,352,20.38,58.87,25.22,84.09,137.0,716.91,40.82,Healthy,Inventory level is healthy. Continue normal replenishment monitoring.
SKU_25,WH_3,20.11,8.97,7.0,252,232,18.47,140.75,39.18,179.92,141.0,72.08,12.53,Monitor,Inventory is adequate but should be monitored against demand and lead time.
SKU_25,WH_4,20.06,9.22,9.0,375,273,19.44,180.57,45.64,226.21,140.0,148.79,18.69,Healthy,Inventory level is healthy. Continue normal replenishment monitoring.
SKU_25,WH_5,20.36,8.68,7.0,373,311,19.75,142.55,37.9,180.45,143.0,192.55,18.32,Healthy,Inventory level is healthy. Continue normal replenishment monitoring.
SKU_26,WH_1,20.12,9.07,2.0,483,335,19.02,40.24,21.16,61.4,141.0,421.6,24.01,Healthy,Inventory level is healthy. Continue normal replenishment monitoring.
SKU_26,WH_2,20.09,9.26,5.0,434,273,18.91,100.44,34.17,134.61,141.0,299.39,21.61,Healthy,Inventory level is healthy. Continue normal replenishment monitoring.
SKU_26,WH_3,19.79,9.45,14.0,508,222,18.85,277.01,58.37,335.38,139.0,172.62,25.67,Healthy,Inventory level is healthy. Continue normal replenishment monitoring.
SKU_26,WH_4,20.06,9.34,14.0,509,331,19.59,280.84,57.63,338.48,140.0,170.52,25.37,Healthy,Inventory level is healthy. Continue normal replenishment monitoring.
SKU_26,WH_5,19.67,9.06,4.0,399,393,18.53,78.66,29.89,108.55,138.0,290.45,20.29,Healthy,Inventory level is healthy. Continue normal replenishment monitoring.
SKU_27,WH_1,19.73,9.48,2.0,673,389,19.54,39.47,22.11,61.58,138.0,611.42,34.1,Healthy,Inventory level is healthy. Continue normal replenishment monitoring.
SKU_27,WH_2,19.84,8.94,4.0,464,223,18.56,79.38,29.49,108.86,139.0,355.14,23.38,Healthy,Inventory level is healthy. Continue normal replenishment monitoring.
SKU_27,WH_3,20.27,8.88,3.0,568,296,19.69,60.82,25.37,86.19,142.0,481.81,28.02,Healthy,Inventory level is healthy. Continue normal replenishment monitoring.
SKU_27,WH_4,19.78,9.3,14.0,315,289,17.93,276.93,57.43,334.36,138.0,-19.36,15.92,Reorder,Inventory is below the recommended reorder point. Plan replenishment.
SKU_27,WH_5,20.16,9.29,2.0,467,353,19.98,40.31,21.67,61.99,141.0,405.01,23.17,Healthy,Inventory level is healthy. Continue normal replenishment monitoring.
SKU_28,WH_1,20.28,9.06,10.0,645,208,19.38,202.85,47.25,250.1,142.0,394.9,31.8,Healthy,Inventory level is healthy. Continue normal replenishment monitoring.
SKU_28,WH_2,20.01,9.36,2.0,547,392,18.81,40.02,21.85,61.87,140.0,485.13,27.34,Healthy,Inventory level is healthy. Continue normal replenishment monitoring.
SKU_28,WH_3,19.76,9.28,10.0,575,243,18.92,197.56,48.43,245.99,138.0,329.01,29.1,Healthy,Inventory level is healthy. Continue normal replenishment monitoring.
SKU_28,WH_4,19.88,9.09,3.0,614,333,20.18,59.63,25.98,85.61,139.0,528.39,30.89,Healthy,Inventory level is healthy. Continue normal replenishment monitoring.
SKU_28,WH_5,20.02,9.24,12.0,469,360,19.08,240.23,52.84,293.07,140.0,175.93,23.43,Healthy,Inventory level is healthy. Continue normal replenishment monitoring.
SKU_29,WH_1,20.56,9.41,5.0,327,218,18.99,102.81,34.72,137.53,144.0,189.47,15.9,Healthy,Inventory level is healthy. Continue normal replenishment monitoring.
SKU_29,WH_2,20.48,9.19,14.0,402,346,19.42,286.67,56.73,343.4,143.0,58.6,19.63,Monitor,Inventory is adequate but should be monitored against demand and lead time.
SKU_29,WH_3,19.84,9.57,3.0,505,273,19.02,59.51,27.34,86.85,139.0,418.15,25.46,Healthy,Inventory level is healthy. Continue normal replenishment monitoring.
SKU_29,WH_4,19.86,9.54,14.0,570,334,19.53,278.01,58.91,336.92,139.0,233.08,28.7,Healthy,Inventory level is healthy. Continue normal replenishment monitoring.
SKU_29,WH_5,19.92,9.32,11.0,474,218,18.91,219.1,51.0,270.1,139.0,203.9,23.8,Healthy,Inventory level is healthy. Continue normal replenishment monitoring.
SKU_3,WH_1,20.15,9.23,14.0,367,240,19.35,282.07,57.0,339.07,141.0,27.93,18.22,Monitor,Inventory is adequate but should be monitored against demand and lead time.
SKU_3,WH_2,20.21,9.51,13.0,419,270,18.92,262.67,56.59,319.26,141.0,99.74,20.74,Monitor,Inventory is adequate but should be monitored against demand and lead time.
SKU_3,WH_3,20.15,9.03,9.0,275,249,18.2,181.33,44.7,226.03,141.0,48.97,13.65,Monitor,Inventory is adequate but should be monitored against demand and lead time.
SKU_3,WH_4,20.23,8.85,10.0,580,355,20.33,202.3,46.16,248.46,142.0,331.54,28.67,Healthy,Inventory level is healthy. Continue normal replenishment monitoring.
SKU_3,WH_5,20.05,9.42,7.0,427,253,19.31,140.35,41.14,181.48,140.0,245.52,21.3,Healthy,Inventory level is healthy. Continue normal replenishment monitoring.
SKU_30,WH_1,20.29,8.91,3.0,536,336,19.99,60.87,25.46,86.34,142.0,449.66,26.42,Healthy,Inventory level is healthy. Continue normal replenishment monitoring.
SKU_30,WH_2,20.21,9.08,12.0,335,231,18.62,242.47,51.9,294.36,141.0,40.64,16.58,Monitor,Inventory is adequate but should be monitored against demand and lead time.
SKU_30,WH_3,20.17,8.71,4.0,575,297,20.38,80.69,28.73,109.42,141.0,465.58,28.5,Healthy,Inventory level is healthy. Continue normal replenishment monitoring.
SKU_30,WH_4,19.63,9.11,7.0,368,252,18.88,137.41,39.78,177.19,137.0,190.81,18.75,Healthy,Inventory level is healthy. Continue normal replenishment monitoring.
SKU_30,WH_5,19.86,8.61,2.0,394,224,19.37,39.72,20.1,59.82,139.0,334.18,19.84,Healthy,Inventory level is healthy. Continue normal replenishment monitoring.
SKU_31,WH_1,20.34,8.92,8.0,299,259,19.64,162.74,41.61,204.35,142.0,94.65,14.7,Monitor,Inventory is adequate but should be monitored against demand and lead time.
SKU_31,WH_2,19.95,8.91,2.0,693,305,20.37,39.91,20.8,60.7,140.0,632.3,34.73,Healthy,Inventory level is healthy. Continue normal replenishment monitoring.
SKU_31,WH_3,20.35,9.13,12.0,469,374,19.01,244.21,52.19,296.4,142.0,172.6,23.05,Healthy,Inventory level is healthy. Continue normal replenishment monitoring.
SKU_31,WH_4,20.17,8.45,3.0,521,257,19.69,60.51,24.15,84.66,141.0,436.34,25.83,Healthy,Inventory level is healthy. Continue normal replenishment monitoring.
SKU_31,WH_5,19.85,8.85,4.0,415,224,18.7,79.39,29.2,108.58,139.0,306.42,20.91,Healthy,Inventory level is healthy. Continue normal replenishment monitoring.
SKU_32,WH_1,20.12,9.17,6.0,623,291,20.39,120.71,37.05,157.76,141.0,465.24,30.97,Healthy,Inventory level is healthy. Continue normal replenishment monitoring.
SKU_32,WH_2,20.26,9.25,2.0,495,256,20.15,40.53,21.58,62.11,142.0,432.89,24.43,Healthy,Inventory level is healthy. Continue normal replenishment monitoring.
SKU_32,WH_3,20.43,9.33,6.0,263,223,19.71,122.6,37.7,160.3,143.0,102.7,12.87,Healthy,Inventory level is healthy. Continue normal replenishment monitoring.
SKU_32,WH_4,19.56,8.8,2.0,555,329,19.07,39.13,20.53,59.66,137.0,495.34,28.37,Healthy,Inventory level is healthy. Continue normal replenishment monitoring.
SKU_32,WH_5,20.02,8.71,9.0,402,366,19.67,180.22,43.09,223.31,140.0,178.69,20.08,Healthy,Inventory level is healthy. Continue normal replenishment monitoring.
SKU_33,WH_1,20.21,8.86,9.0,357,321,18.85,181.9,43.84,225.74,141.0,131.26,17.66,Healthy,Inventory level is healthy. Continue normal replenishment monitoring.
SKU_33,WH_2,20.37,9.15,7.0,737,368,20.15,142.57,39.94,182.51,143.0,554.49,36.19,Healthy,Inventory level is healthy. Continue normal replenishment monitoring.
SKU_33,WH_3,19.81,8.5,13.0,514,325,19.35,257.58,50.59,308.17,139.0,205.83,25.94,Healthy,Inventory level is healthy. Continue normal replenishment monitoring.
SKU_33,WH_4,20.72,9.44,3.0,541,274,20.67,62.16,26.98,89.14,145.0,451.86,26.11,Healthy,Inventory level is healthy. Continue normal replenishment monitoring.
SKU_33,WH_5,20.29,8.93,7.0,258,244,18.7,142.03,38.97,181.01,142.0,76.99,12.72,Monitor,Inventory is adequate but should be monitored against demand and lead time.
SKU_34,WH_1,19.53,8.83,4.0,480,299,18.77,78.13,29.14,107.27,137.0,372.73,24.58,Healthy,Inventory level is healthy. Continue normal replenishment monitoring.
SKU_34,WH_2,19.99,9.06,5.0,275,248,18.66,99.97,33.41,133.38,140.0,141.62,13.75,Healthy,Inventory level is healthy. Continue normal replenishment monitoring.
SKU_34,WH_3,19.78,9.07,13.0,640,260,19.73,257.19,53.94,311.13,138.0,328.87,32.35,Healthy,Inventory level is healthy. Continue normal replenishment monitoring.
SKU_34,WH_4,20.62,9.54,2.0,279,245,19.04,41.23,22.26,63.49,144.0,215.51,13.53,Healthy,Inventory level is healthy. Continue normal replenishment monitoring.
SKU_34,WH_5,20.18,8.71,4.0,359,306,18.88,80.7,28.74,109.44,141.0,249.56,17.79,Healthy,Inventory level is healthy. Continue normal replenishment monitoring.
SKU_35,WH_1,20.21,8.84,11.0,390,212,19.2,222.35,48.39,270.74,141.0,119.26,19.29,Monitor,Inventory is adequate but should be monitored against demand and lead time.
SKU_35,WH_2,19.86,8.83,12.0,613,356,19.68,238.32,50.48,288.81,139.0,324.19,30.87,Healthy,Inventory level is healthy. Continue normal replenishment monitoring.
SKU_35,WH_3,19.97,9.34,7.0,330,277,18.96,139.77,40.79,180.56,140.0,149.44,16.53,Healthy,Inventory level is healthy. Continue normal replenishment monitoring.
SKU_35,WH_4,19.59,8.76,2.0,231,207,17.92,39.19,20.44,59.63,137.0,171.37,11.79,Healthy,Inventory level is healthy. Continue normal replenishment monitoring.
SKU_35,WH_5,20.2,8.91,2.0,382,277,19.7,40.41,20.8,61.21,141.0,320.79,18.91,Healthy,Inventory level is healthy. Continue normal replenishment monitoring.
SKU_36,WH_1,19.85,8.84,12.0,386,270,19.12,238.26,50.52,288.77,139.0,97.23,19.44,Monitor,Inventory is adequate but should be monitored against demand and lead time.
SKU_36,WH_2,20.06,9.23,10.0,462,360,19.85,200.63,48.17,248.8,140.0,213.2,23.03,Healthy,Inventory level is healthy. Continue normal replenishment monitoring.
SKU_36,WH_3,20.0,9.03,12.0,313,254,18.52,239.97,51.6,291.57,140.0,21.43,15.65,Monitor,Inventory is adequate but should be monitored against demand and lead time.
SKU_36,WH_4,20.45,9.61,11.0,369,318,19.17,225.0,52.6,277.6,143.0,91.4,18.04,Monitor,Inventory is adequate but should be monitored against demand and lead time.
SKU_36,WH_5,19.89,9.1,12.0,517,270,19.72,238.65,52.02,290.67,139.0,226.33,26.0,Healthy,Inventory level is healthy. Continue normal replenishment monitoring.
SKU_37,WH_1,20.01,9.02,3.0,332,342,19.08,60.03,25.77,85.81,140.0,246.19,16.59,Healthy,Inventory level is healthy. Continue normal replenishment monitoring.
SKU_37,WH_2,19.91,9.55,14.0,374,355,18.34,278.77,58.93,337.7,139.0,36.3,18.78,Monitor,Inventory is adequate but should be monitored against demand and lead time.
SKU_37,WH_3,20.36,9.24,3.0,387,216,19.45,61.08,26.41,87.49,143.0,299.51,19.01,Healthy,Inventory level is healthy. Continue normal replenishment monitoring.
SKU_37,WH_4,20.28,9.44,13.0,426,320,19.04,263.63,56.14,319.77,142.0,106.23,21.01,Monitor,Inventory is adequate but should be monitored against demand and lead time.
SKU_37,WH_5,20.07,8.64,3.0,234,249,18.76,60.21,24.69,84.89,140.0,149.11,11.66,Healthy,Inventory level is healthy. Continue normal replenishment monitoring.
SKU_38,WH_1,20.45,8.75,8.0,371,208,19.42,163.59,40.85,204.45,143.0,166.55,18.14,Healthy,Inventory level is healthy. Continue normal replenishment monitoring.
SKU_38,WH_2,20.15,8.94,14.0,510,340,18.99,282.03,55.2,337.23,141.0,172.77,25.32,Healthy,Inventory level is healthy. Continue normal replenishment monitoring.
SKU_38,WH_3,20.39,9.81,8.0,469,344,20.19,163.13,45.77,208.91,143.0,260.09,23.0,Healthy,Inventory level is healthy. Continue normal replenishment monitoring.
SKU_38,WH_4,19.86,9.26,13.0,378,349,18.9,258.22,55.08,313.3,139.0,64.7,19.03,Monitor,Inventory is adequate but should be monitored against demand and lead time.
SKU_38,WH_5,19.81,9.27,13.0,475,273,19.08,257.47,55.14,312.61,139.0,162.39,23.98,Healthy,Inventory level is healthy. Continue normal replenishment monitoring.
SKU_39,WH_1,20.34,8.62,10.0,388,390,19.62,203.37,44.99,248.36,142.0,139.64,19.08,Healthy,Inventory level is healthy. Continue normal replenishment monitoring.
SKU_39,WH_2,20.2,9.19,8.0,684,351,19.41,161.6,42.87,204.47,141.0,479.53,33.86,Healthy,Inventory level is healthy. Continue normal replenishment monitoring.
SKU_39,WH_3,20.13,8.83,4.0,587,252,19.9,80.5,29.14,109.65,141.0,477.35,29.17,Healthy,Inventory level is healthy. Continue normal replenishment monitoring.
SKU_39,WH_4,19.53,8.72,11.0,444,345,19.12,214.79,47.7,262.48,137.0,181.52,22.74,Healthy,Inventory level is healthy. Continue normal replenishment monitoring.
SKU_39,WH_5,20.04,8.96,4.0,512,321,19.49,80.15,29.57,109.72,140.0,402.28,25.55,Healthy,Inventory level is healthy. Continue normal replenishment monitoring.
SKU_4,WH_1,20.26,9.11,11.0,417,298,18.9,222.83,49.86,272.69,142.0,144.31,20.58,Healthy,Inventory level is healthy. Continue normal replenishment monitoring.
SKU_4,WH_2,20.29,8.96,13.0,606,317,20.44,263.78,53.29,317.06,142.0,288.94,29.87,Healthy,Inventory level is healthy. Continue normal replenishment monitoring.
SKU_4,WH_3,20.1,8.87,7.0,596,279,20.34,140.71,38.74,179.45,141.0,416.55,29.65,Healthy,Inventory level is healthy. Continue normal replenishment monitoring.
SKU_4,WH_4,20.08,9.54,12.0,412,233,19.56,241.02,54.53,295.54,141.0,116.46,20.51,Monitor,Inventory is adequate but should be monitored against demand and lead time.
SKU_4,WH_5,20.12,9.29,8.0,638,363,19.21,160.94,43.34,204.28,141.0,433.72,31.71,Healthy,Inventory level is healthy. Continue normal replenishment monitoring.
SKU_40,WH_1,19.99,9.13,2.0,365,260,18.7,39.97,21.31,61.29,140.0,303.71,18.26,Healthy,Inventory level is healthy. Continue normal replenishment monitoring.
SKU_40,WH_2,20.11,8.81,14.0,560,291,19.27,281.5,54.38,335.88,141.0,224.12,27.85,Healthy,Inventory level is healthy. Continue normal replenishment monitoring.
SKU_40,WH_3,19.78,9.62,7.0,387,326,19.0,138.48,41.99,180.48,138.0,206.52,19.56,Healthy,Inventory level is healthy. Continue normal replenishment monitoring.
SKU_40,WH_4,20.03,8.78,5.0,395,255,18.43,100.15,32.39,132.54,140.0,262.46,19.72,Healthy,Inventory level is healthy. Continue normal replenishment monitoring.
SKU_40,WH_5,19.94,8.97,8.0,580,344,20.1,159.5,41.88,201.37,140.0,378.63,29.09,Healthy,Inventory level is healthy. Continue normal replenishment monitoring.
SKU_41,WH_1,19.91,8.86,12.0,363,370,19.47,238.95,50.66,289.61,139.0,73.39,18.23,Monitor,Inventory is adequate but should be monitored against demand and lead time.
SKU_41,WH_2,20.38,9.12,14.0,616,398,19.88,285.33,56.33,341.66,143.0,274.34,30.22,Healthy,Inventory level is healthy. Continue normal replenishment monitoring.
SKU_41,WH_3,20.32,8.85,13.0,463,222,19.91,264.13,52.67,316.8,142.0,146.2,22.79,Monitor,Inventory is adequate but should be monitored against demand and lead time.
SKU_41,WH_4,19.99,9.13,13.0,553,384,19.9,259.82,54.29,314.11,140.0,238.89,27.67,Healthy,Inventory level is healthy. Continue normal replenishment monitoring.
SKU_41,WH_5,19.49,9.46,4.0,564,366,19.38,77.96,31.22,109.18,136.0,454.82,28.94,Healthy,Inventory level is healthy. Continue normal replenishment monitoring.
SKU_42,WH_1,20.28,9.18,9.0,191,204,18.99,182.52,45.43,227.94,142.0,-36.94,9.42,Reorder,Inventory is below the recommended reorder point. Plan replenishment.
SKU_42,WH_2,19.98,8.89,5.0,736,336,20.56,99.89,32.81,132.71,140.0,603.29,36.84,Healthy,Inventory level is healthy. Continue normal replenishment monitoring.
SKU_42,WH_3,20.17,9.3,12.0,630,367,19.62,242.07,53.14,295.21,141.0,334.79,31.23,Healthy,Inventory level is healthy. Continue normal replenishment monitoring.
SKU_42,WH_4,20.13,9.04,10.0,519,381,19.14,201.34,47.18,248.52,141.0,270.48,25.78,Healthy,Inventory level is healthy. Continue normal replenishment monitoring.
SKU_42,WH_5,19.81,9.07,6.0,316,292,17.94,118.87,36.65,155.51,139.0,160.49,15.95,Healthy,Inventory level is healthy. Continue normal replenishment monitoring.
SKU_43,WH_1,20.07,8.74,12.0,414,331,19.61,240.82,49.95,290.78,140.0,123.22,20.63,Monitor,Inventory is adequate but should be monitored against demand and lead time.
SKU_43,WH_2,19.45,9.17,12.0,526,354,18.51,233.46,52.4,285.86,136.0,240.14,27.04,Healthy,Inventory level is healthy. Continue normal replenishment monitoring.
SKU_43,WH_3,20.09,8.42,7.0,385,378,18.59,140.63,36.76,177.4,141.0,207.6,19.16,Healthy,Inventory level is healthy. Continue normal replenishment monitoring.
SKU_43,WH_4,20.29,9.43,7.0,606,320,20.38,142.01,41.17,183.19,142.0,422.81,29.87,Healthy,Inventory level is healthy. Continue normal replenishment monitoring.
SKU_43,WH_5,20.19,9.35,14.0,454,249,19.62,282.72,57.75,340.48,141.0,113.52,22.48,Monitor,Inventory is adequate but should be monitored against demand and lead time.
SKU_44,WH_1,20.38,9.31,7.0,426,252,18.87,142.68,40.63,183.31,143.0,242.69,20.9,Healthy,Inventory level is healthy. Continue normal replenishment monitoring.
SKU_44,WH_2,20.25,9.3,2.0,327,335,19.43,40.51,21.69,62.2,142.0,264.8,16.14,Healthy,Inventory level is healthy. Continue normal replenishment monitoring.
SKU_44,WH_3,19.72,9.16,13.0,200,201,17.9,256.4,54.51,310.91,138.0,-110.91,10.14,Critical,Critical inventory level. Place replenishment order immediately.
SKU_44,WH_4,20.0,8.96,12.0,302,242,19.11,240.03,51.19,291.23,140.0,10.77,15.1,Monitor,Inventory is adequate but should be monitored against demand and lead time.
SKU_44,WH_5,20.14,9.01,4.0,567,246,19.74,80.55,29.74,110.29,141.0,456.71,28.16,Healthy,Inventory level is healthy. Continue normal replenishment monitoring.
SKU_45,WH_1,20.28,8.85,8.0,386,256,19.68,162.26,41.3,203.55,142.0,182.45,19.03,Healthy,Inventory level is healthy. Continue normal replenishment monitoring.
SKU_45,WH_2,20.2,8.69,7.0,386,243,19.16,141.4,37.96,179.36,141.0,206.64,19.11,Healthy,Inventory level is healthy. Continue normal replenishment monitoring.
SKU_45,WH_3,19.48,9.05,9.0,578,393,19.29,175.32,44.78,220.09,136.0,357.91,29.67,Healthy,Inventory level is healthy. Continue normal replenishment monitoring.
SKU_45,WH_4,19.7,8.49,3.0,583,244,18.59,59.1,24.25,83.36,138.0,499.64,29.59,Healthy,Inventory level is healthy. Continue normal replenishment monitoring.
SKU_45,WH_5,19.92,9.16,3.0,458,220,19.16,59.75,26.18,85.93,139.0,372.07,22.99,Healthy,Inventory level is healthy. Continue normal replenishment monitoring.
SKU_46,WH_1,19.55,8.9,10.0,533,381,19.08,195.45,46.42,241.87,137.0,291.13,27.27,Healthy,Inventory level is healthy. Continue normal replenishment monitoring.
SKU_46,WH_2,20.14,8.8,7.0,620,288,19.55,141.0,38.39,179.39,141.0,440.61,30.78,Healthy,Inventory level is healthy. Continue normal replenishment monitoring.
SKU_46,WH_3,20.26,9.54,11.0,344,253,19.66,222.89,52.22,275.11,142.0,68.89,16.98,Monitor,Inventory is adequate but should be monitored against demand and lead time.
SKU_46,WH_4,19.95,9.28,12.0,596,299,19.19,239.34,53.06,292.41,140.0,303.59,29.88,Healthy,Inventory level is healthy. Continue normal replenishment monitoring.
SKU_46,WH_5,19.47,9.49,2.0,297,287,18.5,38.95,22.15,61.1,136.0,235.9,15.25,Healthy,Inventory level is healthy. Continue normal replenishment monitoring.
SKU_47,WH_1,20.23,9.05,9.0,571,230,19.56,182.1,44.78,226.87,142.0,344.13,28.22,Healthy,Inventory level is healthy. Continue normal replenishment monitoring.
SKU_47,WH_2,20.14,9.17,11.0,457,370,19.55,221.57,50.2,271.77,141.0,185.23,22.69,Healthy,Inventory level is healthy. Continue normal replenishment monitoring.
SKU_47,WH_3,20.56,8.94,10.0,468,377,19.65,205.62,46.66,252.28,144.0,215.72,22.76,Healthy,Inventory level is healthy. Continue normal replenishment monitoring.
SKU_47,WH_4,20.11,8.73,5.0,329,345,19.33,100.53,32.23,132.76,141.0,196.24,16.36,Healthy,Inventory level is healthy. Continue normal replenishment monitoring.
SKU_47,WH_5,20.08,8.75,8.0,595,365,19.13,160.68,40.84,201.52,141.0,393.48,29.62,Healthy,Inventory level is healthy. Continue normal replenishment monitoring.
SKU_48,WH_1,19.91,9.15,2.0,329,325,18.52,39.82,21.34,61.16,139.0,267.84,16.52,Healthy,Inventory level is healthy. Continue normal replenishment monitoring.
SKU_48,WH_2,20.1,9.0,8.0,527,252,19.72,160.77,41.98,202.75,141.0,324.25,26.22,Healthy,Inventory level is healthy. Continue normal replenishment monitoring.
SKU_48,WH_3,20.25,9.46,11.0,660,351,19.81,222.74,51.75,274.49,142.0,385.51,32.59,Healthy,Inventory level is healthy. Continue normal replenishment monitoring.
SKU_48,WH_4,19.92,8.88,12.0,486,360,19.68,239.01,50.75,289.76,139.0,196.24,24.4,Healthy,Inventory level is healthy. Continue normal replenishment monitoring.
SKU_48,WH_5,20.09,9.18,11.0,369,275,19.65,221.02,50.24,271.26,141.0,97.74,18.36,Monitor,Inventory is adequate but should be monitored against demand and lead time.
SKU_49,WH_1,20.36,8.88,6.0,599,220,20.33,122.15,35.9,158.05,143.0,440.95,29.42,Healthy,Inventory level is healthy. Continue normal replenishment monitoring.
SKU_49,WH_2,20.12,8.4,6.0,558,373,19.78,120.69,33.96,154.65,141.0,403.35,27.74,Healthy,Inventory level is healthy. Continue normal replenishment monitoring.
SKU_49,WH_3,20.09,9.36,12.0,385,201,19.03,241.05,53.51,294.56,141.0,90.44,19.17,Monitor,Inventory is adequate but should be monitored against demand and lead time.
SKU_49,WH_4,19.87,8.94,14.0,422,347,19.6,278.16,55.22,333.38,139.0,88.62,21.24,Monitor,Inventory is adequate but should be monitored against demand and lead time.
SKU_49,WH_5,19.51,9.33,4.0,441,254,18.96,78.05,30.8,108.85,137.0,332.15,22.6,Healthy,Inventory level is healthy. Continue normal replenishment monitoring.
SKU_5,WH_1,20.06,8.89,4.0,565,338,19.98,80.25,29.34,109.6,140.0,455.4,28.16,Healthy,Inventory level is healthy. Continue normal replenishment monitoring.
SKU_5,WH_2,19.96,9.0,2.0,293,260,19.17,39.92,21.0,60.91,140.0,232.09,14.68,Healthy,Inventory level is healthy. Continue normal replenishment monitoring.
SKU_5,WH_3,20.06,9.47,11.0,321,297,19.56,220.66,51.82,272.48,140.0,48.52,16.0,Monitor,Inventory is adequate but should be monitored against demand and lead time.
SKU_5,WH_4,19.96,8.61,14.0,331,334,18.42,279.46,53.15,332.61,140.0,-1.61,16.58,Reorder,Inventory is below the recommended reorder point. Plan replenishment.
SKU_5,WH_5,19.84,8.78,10.0,311,234,18.82,198.38,45.83,244.21,139.0,66.79,15.68,Monitor,Inventory is adequate but should be monitored against demand and lead time.
SKU_50,WH_1,19.85,8.91,10.0,609,245,18.87,198.47,46.49,244.95,139.0,364.05,30.69,Healthy,Inventory level is healthy. Continue normal replenishment monitoring.
SKU_50,WH_2,20.42,9.11,3.0,275,230,18.45,61.25,26.05,87.29,143.0,187.71,13.47,Healthy,Inventory level is healthy. Continue normal replenishment monitoring.
SKU_50,WH_3,20.22,9.0,11.0,369,217,18.74,222.47,49.26,271.73,142.0,97.27,18.25,Monitor,Inventory is adequate but should be monitored against demand and lead time.
SKU_50,WH_4,19.99,8.74,14.0,236,218,18.58,279.92,53.95,333.87,140.0,-97.87,11.8,Critical,Critical inventory level. Place replenishment order immediately.
SKU_50,WH_5,19.8,9.16,7.0,275,283,18.31,138.62,39.97,178.59,139.0,96.41,13.89,Healthy,Inventory level is healthy. Continue normal replenishment monitoring.
SKU_6,WH_1,19.74,8.56,9.0,464,350,18.56,177.63,42.36,219.99,138.0,244.01,23.51,Healthy,Inventory level is healthy. Continue normal replenishment monitoring.
SKU_6,WH_2,19.94,8.64,14.0,452,217,18.76,279.19,53.32,332.52,140.0,119.48,22.67,Monitor,Inventory is adequate but should be monitored against demand and lead time.
SKU_6,WH_3,19.62,8.58,10.0,761,322,19.37,196.16,44.76,240.93,137.0,520.07,38.79,Healthy,Inventory level is healthy. Continue normal replenishment monitoring.
SKU_6,WH_4,19.9,9.09,11.0,329,220,18.49,218.88,49.73,268.62,139.0,60.38,16.53,Monitor,Inventory is adequate but should be monitored against demand and lead time.
SKU_6,WH_5,20.02,9.05,3.0,509,326,19.72,60.06,25.85,85.91,140.0,423.09,25.43,Healthy,Inventory level is healthy. Continue normal replenishment monitoring.
SKU_7,WH_1,20.28,9.5,3.0,582,386,19.53,60.83,27.15,87.98,142.0,494.02,28.7,Healthy,Inventory level is healthy. Continue normal replenishment monitoring.
SKU_7,WH_2,19.93,9.1,5.0,494,396,18.55,99.63,33.57,133.2,139.0,360.8,24.79,Healthy,Inventory level is healthy. Continue normal replenishment monitoring.
SKU_7,WH_3,19.89,9.24,3.0,657,358,19.55,59.68,26.4,86.08,139.0,570.92,33.03,Healthy,Inventory level is healthy. Continue normal replenishment monitoring.
SKU_7,WH_4,20.21,9.0,4.0,675,253,20.23,80.84,29.69,110.53,141.0,564.47,33.4,Healthy,Inventory level is healthy. Continue normal replenishment monitoring.
SKU_7,WH_5,19.59,9.51,8.0,348,233,18.73,156.71,44.36,201.08,137.0,146.92,17.77,Healthy,Inventory level is healthy. Continue normal replenishment monitoring.
SKU_8,WH_1,20.41,9.18,13.0,452,305,18.94,265.31,54.59,319.89,143.0,132.11,22.15,Monitor,Inventory is adequate but should be monitored against demand and lead time.
SKU_8,WH_2,20.2,9.53,10.0,472,353,19.51,202.03,49.71,251.73,141.0,220.27,23.36,Healthy,Inventory level is healthy. Continue normal replenishment monitoring.
SKU_8,WH_3,19.85,9.14,4.0,342,207,18.68,79.42,30.15,109.57,139.0,232.43,17.23,Healthy,Inventory level is healthy. Continue normal replenishment monitoring.
SKU_8,WH_4,20.34,9.2,7.0,598,395,20.05,142.36,40.17,182.52,142.0,415.48,29.4,Healthy,Inventory level is healthy. Continue normal replenishment monitoring.
SKU_8,WH_5,19.75,9.33,5.0,531,239,18.85,98.75,34.42,133.18,138.0,397.82,26.89,Healthy,Inventory level is healthy. Continue normal replenishment monitoring.
SKU_9,WH_1,20.11,8.83,11.0,336,254,18.97,221.21,48.31,269.52,141.0,66.48,16.71,Monitor,Inventory is adequate but should be monitored against demand and lead time.
SKU_9,WH_2,20.15,8.71,12.0,397,384,19.2,241.81,49.77,291.58,141.0,105.42,19.7,Monitor,Inventory is adequate but should be monitored against demand and lead time.
SKU_9,WH_3,20.26,9.4,14.0,533,307,19.98,283.68,58.05,341.73,142.0,191.27,26.3,Healthy,Inventory level is healthy. Continue normal replenishment monitoring.
SKU_9,WH_4,20.25,9.3,3.0,396,323,18.96,60.75,26.58,87.33,142.0,308.67,19.56,Healthy,Inventory level is healthy. Continue normal replenishment monitoring.
SKU_9,WH_5,20.2,8.91,13.0,516,345,19.4,262.6,52.99,315.59,141.0,200.41,25.54,Healthy,Inventory level is healthy. Continue normal replenishment monitoring.
