Supplier_ID,Records,Avg_Lead_Time,Avg_Cost,Avg_Order_Qty,Avg_Inventory,Avg_Demand,Lead_Time_Risk,Cost_Risk,Inventory_Risk,Demand_Exposure,Risk_Score,Risk_Category
SUP_8,10220,8.5,14.21642857142857,19.18033268101761,468.98463796477495,20.09853228962818,0.9837962962962964,1.0,0.051135372605954,0.9986181677839748,75.6302361670007,High
SUP_4,9125,8.64,13.2612,19.34991780821918,472.917698630137,20.07090410958904,1.0,0.9328081193789882,0.0431778792455056,0.9972454306043486,73.72773115940223,High
SUP_3,8395,8.26086956521739,11.971739130434782,19.26396664681358,456.39463966646815,20.01393686718285,0.9561191626409016,0.8421059530024969,0.0766078573680494,0.9944149491335827,69.6336712949247,Medium
SUP_6,7300,7.9,12.882,19.364520547945204,474.61068493150685,20.093698630136988,0.914351851851852,0.9061347535547406,0.0397525755447196,0.998378001979068,69.28260483710798,Medium
SUP_2,9490,8.423076923076923,11.393846153846155,19.456796628029505,464.43024236037934,20.12634351949421,0.9748931623931624,0.8014562937941324,0.0603499705657586,1.0,68.5554460426651,Medium
SUP_1,10220,8.107142857142858,11.84607142857143,19.0880626223092,464.6899217221135,19.98522504892368,0.9383267195767196,0.8332663417575241,0.0598245790265322,0.9929883701709732,68.19300522024544,Medium
SUP_10,9855,7.407407407407407,12.525925925925923,19.231354642313548,472.6591577879249,20.014408929477423,0.8573388203017832,0.8810880920613122,0.0437009672958441,0.9944384040792922,66.22416021661336,Medium
SUP_9,5840,8.1875,10.876875,19.188698630136987,464.1529109589041,20.07859589041096,0.9476273148148148,0.7650919459377984,0.0609110762729038,0.9976276053801328,66.20608760723813,Medium
SUP_7,12410,7.558823529411764,11.644411764705882,19.28146655922643,494.2587429492345,20.050765511684126,0.8748638344226579,0.8190813681650121,0.0,0.9962448217314348,63.66240126268175,Medium
SUP_5,8395,6.956521739130435,10.964347826086955,19.33853484216796,472.0534842167957,20.02918403811793,0.8051529790660225,0.7712448855208631,0.0449263853178202,0.995172521959482,60.32284978881661,Medium
